SEASON,EPISODE,TITLE,Guest Painter,Alizarin Crimson,Black Gesso,Bright Red,Burnt Umber,Cadmium Yellow,Dark Sienna,Indian Red,Indian Yellow,Liquid Black,Liquid Clear,Midnight Black,Phtalo Blue,Phtalo Green,Prussian Blue,Sap Green,Titanium White,Van Dyke Brown,Yellow Ochre,IMAGE,YOUTUBE
1,1,A Walk in the Woods,0,1,0,1,0,1,0,0,0,0,0,0,0,1,1,1,1,1,0,http://twoinchbrush.com/images/painting282.png,https://youtu.be/oh5p5f5_-7A
1,2,Mt. McKinley,0,1,0,1,0,1,0,0,0,0,0,0,0,1,1,1,1,1,0,http://twoinchbrush.com/images/painting283.png,https://youtu.be/RInDWhYceLU
1,3,Ebony Sunset,0,1,1,1,0,1,0,0,0,0,0,0,0,1,1,1,1,1,0,http://twoinchbrush.com/images/painting284.png,https://youtu.be/UOziR7PoVco
1,4,Winter Mist,0,0,0,0,0,0,0,0,0,0,0,0,0,0,1,0,1,1,0,http://twoinchbrush.com/images/painting285.png,https://youtu.be/0pwoixRikn4
1,5,Quiet Stream,0,1,0,1,0,1,0,0,0,0,0,0,0,1,1,1,1,1,0,http://twoinchbrush.com/images/painting286.png,https://youtu.be/DFSIQNjKRfk
1,6,Winter Moon,0,0,1,0,0,0,0,0,0,0,0,0,0,0,1,0,1,1,0,http://twoinchbrush.com/images/painting287.png,https://youtu.be/loAzRUzx1wI
1,7,Autumn Mountain,0,1,0,1,0,1,0,0,0,0,0,0,0,1,1,1,1,1,0,http://twoinchbrush.com/images/painting288.png,https://youtu.be/sDdpc8uisD0
1,8,Peaceful Valley,0,1,0,1,0,1,0,0,0,0,0,0,0,1,1,1,1,1,0,http://twoinchbrush.com/images/painting289.png,https://youtu.be/kQlFwTOkYzg
1,9,Seascape ,0,1,0,1,0,1,0,0,0,0,0,0,0,1,1,1,1,1,0,http://twoinchbrush.com/images/painting290.png,https://youtu.be/QxcS7p1VHyQ
1,10,Mountain Lake ,0,1,0,1,0,1,0,0,0,0,0,0,0,1,1,1,1,1,0,http://twoinchbrush.com/images/painting291.png,https://youtu.be/wDnLlywAL5I
1,11,Winter Glow,0,1,0,1,0,1,0,0,0,0,0,0,0,1,1,1,1,1,0,http://twoinchbrush.com/images/painting292.png,https://youtu.be/Q03YvknOVe0
1,12,Snow Fall,0,1,0,0,0,0,0,0,0,0,0,0,0,0,1,0,1,1,0,http://twoinchbrush.com/images/painting293.png,https://youtu.be/4E35-8x_y04
1,13,Final Reflections ,0,1,0,1,0,1,0,0,0,0,0,0,0,1,1,1,1,1,0,http://twoinchbrush.com/images/painting294.png,https://youtu.be/IEQWfszfRlA
2,1,Meadow Lake,0,1,0,1,1,1,0,0,1,0,0,0,1,1,1,1,1,1,1,http://twoinchbrush.com/images/painting269.png,https://youtu.be/GARWowi0QXI
2,2,Winter Sun ,0,1,0,1,1,1,0,0,1,0,0,0,1,1,1,1,1,1,1,http://twoinchbrush.com/images/painting270.png,https://youtu.be/VPfYRj4DDco
2,3,Ebony Sea,0,1,1,1,1,1,0,0,1,0,0,0,1,1,1,1,1,1,1,http://twoinchbrush.com/images/painting271.png,https://youtu.be/aOJsKNzO3i8
2,4,Shades of Grey,0,0,0,0,0,0,0,0,0,0,0,0,0,0,1,0,1,1,0,http://twoinchbrush.com/images/painting272.png,https://youtu.be/I-ousb8-SD0
2,5,Autumn Splendor,0,1,0,1,1,1,0,0,0,0,0,0,1,1,1,1,1,1,1,http://twoinchbrush.com/images/painting273.png,https://youtu.be/rTTWw5Gd79I
2,6,Black River,0,1,0,1,1,1,0,0,0,0,0,0,1,1,1,1,1,1,1,http://twoinchbrush.com/images/painting274.png,https://youtu.be/6O4sfJd8G_M
2,7,Brown Mountain,0,1,0,1,1,1,0,0,0,0,0,0,1,1,1,1,1,1,1,http://twoinchbrush.com/images/painting275.png,https://youtu.be/Vx6v47gHBWM
2,8,Reflections ,0,1,0,1,1,1,0,0,1,0,0,0,1,1,1,1,1,1,1,http://twoinchbrush.com/images/painting276.png,https://youtu.be/0FYfo94qefg
2,9,Black and White Seascape,0,1,1,1,0,1,0,0,1,0,0,0,1,1,1,1,1,1,1,http://twoinchbrush.com/images/painting277.png,https://youtu.be/PMDyPrE0puo
2,10,Lazy River,0,1,0,1,1,1,0,0,1,0,0,0,1,1,1,1,1,1,1,http://twoinchbrush.com/images/painting278.png,https://youtu.be/BW2wKKFvH1g
2,11,Black Waterfall,0,1,1,0,1,1,0,0,1,0,0,0,1,1,1,1,1,1,1,http://twoinchbrush.com/images/painting279.png,https://youtu.be/GzSqjyQUPZQ
2,12,Mountain Waterfall,0,1,0,1,1,1,0,0,1,0,0,0,1,1,1,1,1,1,1,http://twoinchbrush.com/images/painting280.png,https://youtu.be/9jIt95PCFAA
2,13,Final Grace,0,1,0,1,1,1,0,0,1,0,0,0,1,1,1,1,1,1,1,http://twoinchbrush.com/images/painting281.png,https://youtu.be/miJ19Kz_i3Y
3,1,Mountain Retreat,0,1,0,1,1,1,0,0,1,0,0,0,1,1,1,1,1,1,1,http://twoinchbrush.com/images/painting256.png,https://youtu.be/hoimk4s8JoQ
3,2,Blue Moon,0,1,0,1,1,1,0,0,1,0,0,0,1,1,1,1,1,1,1,http://twoinchbrush.com/images/painting257.png,https://youtu.be/loit61vLUMc
3,3,Bubbling Stream,0,1,0,1,1,1,0,0,1,0,0,0,1,1,1,1,1,1,1,http://twoinchbrush.com/images/painting258.png,https://youtu.be/fuFalEXVN0k
3,4,Winter Night,0,1,0,1,0,1,0,0,0,1,0,0,0,1,0,0,1,1,0,http://twoinchbrush.com/images/painting259.png,https://youtu.be/8ysFkNYwhAE
3,5,Distant Hills,0,1,0,0,1,1,0,0,0,0,0,0,0,0,0,1,1,1,1,http://twoinchbrush.com/images/painting260.png,https://youtu.be/8Zge88tVwjE
3,6,Covered Bridge,0,1,0,1,1,1,0,0,0,0,0,1,0,0,1,1,1,1,1,http://twoinchbrush.com/images/painting261.png,https://youtu.be/OHSm8kLE7js
3,7,Quiet Inlet,0,1,0,0,1,1,0,0,0,0,0,0,1,1,1,1,1,1,1,http://twoinchbrush.com/images/painting262.png,https://youtu.be/9N5IWKzYIyU
3,8,Night Light,0,1,1,0,1,1,0,0,0,0,0,0,0,1,0,1,1,1,1,http://twoinchbrush.com/images/painting263.png,https://youtu.be/l141Y0x8om0
3,9,The Old Mill,0,1,0,1,1,1,0,0,0,0,0,0,1,0,1,1,1,1,1,http://twoinchbrush.com/images/painting264.png,https://youtu.be/OFKFUJ9eDNs
3,10,Campfire,0,1,1,1,1,1,0,0,1,0,0,0,0,0,0,0,0,1,1,http://twoinchbrush.com/images/painting265.png,https://youtu.be/L5bXkI0-pEg
3,11,Rustic Barn,0,1,0,1,1,1,0,0,1,0,0,0,1,1,1,1,1,1,1,http://twoinchbrush.com/images/painting266.png,https://youtu.be/WJJwrnFhUUg
3,12,Hidden Lake,0,1,0,1,1,1,0,0,0,0,0,0,1,0,1,1,1,1,1,http://twoinchbrush.com/images/painting267.png,https://youtu.be/P_DaqkFbnac
3,13,Peaceful Waters,0,1,0,0,0,1,0,0,0,0,0,0,1,1,1,1,1,1,1,http://twoinchbrush.com/images/painting268.png,https://youtu.be/Z0vtjRLqXcQ
4,1,Purple Splendor,0,1,0,0,0,0,0,0,0,0,0,0,1,0,0,0,1,1,0,http://twoinchbrush.com/images/painting243.png,https://youtu.be/hP4GfMgsNVE
4,2,Tranquil Valley,0,1,0,1,1,1,0,0,1,0,0,0,1,0,0,1,1,1,1,http://twoinchbrush.com/images/painting244.png,https://youtu.be/PbchoOWWCZs
4,3,Majestic Mountains,0,1,0,1,1,1,0,0,1,0,0,0,1,1,1,1,1,1,1,http://twoinchbrush.com/images/painting245.png,https://youtu.be/NcVeRlPu_5w
4,4,Winter Sawscape,0,0,1,1,1,1,0,0,0,0,0,1,0,0,1,0,1,0,0,http://twoinchbrush.com/images/painting246.png,https://youtu.be/lmKAwKrONmE
4,5,Evening Seascape,0,1,1,1,1,1,0,0,0,0,0,0,1,1,1,0,1,1,0,http://twoinchbrush.com/images/painting247.png,https://youtu.be/y5k4GXw_-yI
4,6,Warm Summer Day ,0,1,0,1,1,1,0,0,1,0,0,0,1,0,1,1,1,1,1,http://twoinchbrush.com/images/painting248.png,https://youtu.be/GBN9AIw3Ao4
4,7,Cabin in the Woods,0,1,0,1,1,1,0,0,1,0,0,0,1,1,0,1,1,1,1,http://twoinchbrush.com/images/painting249.png,https://youtu.be/81QKellPA70
4,8,Wetlands,0,1,0,1,1,1,0,0,1,0,0,0,0,0,1,1,1,1,1,http://twoinchbrush.com/images/painting250.png,https://youtu.be/2FpVyGanPwM
4,9,Cool Waters,0,1,0,1,1,1,0,0,1,0,0,0,1,1,1,1,1,1,1,http://twoinchbrush.com/images/painting251.png,https://youtu.be/tJRvBcqQd5A
4,10,Quiet Woods,0,1,0,1,1,1,0,0,1,0,0,0,1,1,0,1,1,1,1,http://twoinchbrush.com/images/painting252.png,https://youtu.be/wIZX57I4aDs
4,11,Northwest Majesty,0,1,0,1,1,1,0,0,1,1,0,0,0,0,1,1,1,1,0,http://twoinchbrush.com/images/painting253.png,https://youtu.be/9DU6bunvD_g
4,12,Autumn Days,0,1,0,1,1,1,0,0,1,0,0,0,1,1,1,1,1,1,1,http://twoinchbrush.com/images/painting254.png,https://youtu.be/VAdMkf-AAPM
4,13,Mountain Challenge,0,1,0,0,0,1,0,0,1,0,0,0,1,1,1,1,1,1,1,http://twoinchbrush.com/images/painting255.png,https://youtu.be/o2cjLA_wgIk
5,1,Mountain Waterfall,0,1,0,1,1,1,0,0,1,0,0,0,1,1,0,1,1,1,1,http://twoinchbrush.com/images/painting230.png,https://youtu.be/DqhzxdkdQS0
5,2,Twilight Meadow,0,1,1,1,1,1,0,0,1,0,0,0,1,1,0,1,1,1,1,http://twoinchbrush.com/images/painting231.png,https://youtu.be/6evqNlOO7Bw
5,3,Mountain Blossoms,0,1,0,0,0,0,0,0,0,1,0,0,1,1,0,0,1,0,0,http://twoinchbrush.com/images/painting232.png,https://youtu.be/UVhhStJAJZc
5,4,Winter Stillness,0,1,0,0,1,0,0,0,1,0,0,0,1,0,0,1,1,1,0,http://twoinchbrush.com/images/painting233.png,https://youtu.be/qg9c1SqdRko
5,5,Quiet Pond,0,1,0,1,1,1,0,0,1,0,0,0,1,0,0,1,1,1,1,http://twoinchbrush.com/images/painting234.png,https://youtu.be/aiK9xOIJtV8
5,6,Ocean Sunrise,0,1,0,0,0,0,0,0,1,1,0,0,0,0,1,0,1,1,0,http://twoinchbrush.com/images/painting235.png,https://youtu.be/u0Bz6TNUK1Q
5,7,Bubbling Brook,0,1,0,1,1,1,0,0,1,0,0,0,1,0,0,1,1,1,1,http://twoinchbrush.com/images/painting236.png,https://youtu.be/LiKCzeqn-kg
5,8,Arizona Splendor,0,1,0,0,1,1,0,0,1,0,0,0,1,0,0,1,1,1,1,http://twoinchbrush.com/images/painting237.png,https://youtu.be/spFwCh2616s
5,9,Anatomy of a Wave,0,1,0,0,0,1,0,0,0,0,1,0,1,1,0,0,1,0,0,http://twoinchbrush.com/images/painting238.png,https://youtu.be/DFQlu6eqrBo
5,10,The Windmill,0,1,1,1,1,0,0,0,0,0,0,0,1,1,1,1,1,1,1,http://twoinchbrush.com/images/painting239.png,https://youtu.be/xj8xsTSkbUk
5,11,Autumn Glory,0,1,0,0,1,1,0,0,1,0,0,0,0,0,1,1,1,1,0,http://twoinchbrush.com/images/painting240.png,https://youtu.be/yTzlm_t0RmY
5,12,Indian Girl,0,0,0,1,1,0,0,0,1,0,0,0,0,0,1,0,1,0,0,http://twoinchbrush.com/images/painting241.png,https://youtu.be/2uXMx8Kjs8I
5,13,Meadow Stream,0,1,0,1,1,1,0,0,1,0,0,0,1,1,0,1,1,1,1,http://twoinchbrush.com/images/painting242.png,https://youtu.be/87MMbN1bQCs
6,1,Blue River,0,1,1,1,1,1,0,0,1,0,0,0,1,0,1,1,1,1,1,http://twoinchbrush.com/images/painting217.png,https://youtu.be/LygUyAb78oY
6,2,Nature's Edge,0,1,0,1,1,1,0,0,1,0,0,0,1,0,1,1,1,1,1,http://twoinchbrush.com/images/painting218.png,https://youtu.be/Bcqyzo85A1o
6,3,Morning Mist,0,1,0,1,1,1,0,0,1,0,0,0,1,0,0,1,1,1,1,http://twoinchbrush.com/images/painting219.png,https://youtu.be/wbZreRaE74k
6,4,Whispering Stream,0,1,0,1,1,1,0,0,1,0,0,0,1,0,1,1,1,1,1,http://twoinchbrush.com/images/painting220.png,https://youtu.be/QglIjlqsUdU 
6,5,Secluded Forest,0,1,1,1,1,1,0,0,1,0,0,0,1,1,0,1,1,1,1,http://twoinchbrush.com/images/painting221.png,https://youtu.be/USkduOfwJok
6,6,Snow Trail,0,1,0,0,1,1,0,0,0,0,0,0,1,1,0,0,1,1,1,http://twoinchbrush.com/images/painting222.png,https://youtu.be/n9EsFFtwZnE
6,7,Arctic Beauty,0,1,0,1,1,1,0,0,1,0,0,0,1,1,0,1,1,1,1,http://twoinchbrush.com/images/painting223.png,https://youtu.be/UQ-RTZCOQn0
6,8,Horizons West,0,1,0,1,0,1,0,0,1,0,0,0,0,0,1,0,1,1,0,http://twoinchbrush.com/images/painting224.png,https://youtu.be/m6UM-rN2D6s
6,9,High Chateau,0,1,0,1,1,1,0,0,1,0,0,0,1,1,0,1,1,1,1,http://twoinchbrush.com/images/painting225.png,https://youtu.be/dafH8ks9Zww
6,10,Country Life,0,1,0,1,1,1,0,0,1,0,0,0,0,0,1,1,1,1,1,http://twoinchbrush.com/images/painting226.png,https://youtu.be/j8Jf7QVKLgQ
6,11,Western Expanse,0,1,0,1,1,1,0,0,1,0,0,0,1,1,0,1,1,1,1,http://twoinchbrush.com/images/painting227.png,https://youtu.be/MTInkV5ODjk
6,12,Marshlands ,0,1,1,1,1,1,0,0,1,0,0,0,1,0,0,1,1,1,1,http://twoinchbrush.com/images/painting228.png,https://youtu.be/Ugiwi8uizpg
6,13,Blaze of Color,0,1,0,1,1,1,0,0,1,0,0,0,1,1,0,1,1,1,1,http://twoinchbrush.com/images/painting229.png,https://youtu.be/se7wOprxRGs
7,1,Winter Cabin,0,0,0,1,0,0,1,0,0,0,0,0,0,0,1,0,1,1,1,http://twoinchbrush.com/images/painting203.png,https://youtu.be/kdlHV6ceI_gw
7,2,Secluded Lake,0,1,0,1,0,1,1,0,1,0,0,1,1,1,0,1,1,1,1,http://twoinchbrush.com/images/painting204.png,https://youtu.be/2OxSJcFvpoU
7,3,Evergreens at Sunset,0,1,0,1,0,1,0,0,1,0,0,1,0,0,0,1,1,0,0,http://twoinchbrush.com/images/painting205.png,https://youtu.be/YQPEy3hYGo8
7,4,Mountain Cabin,0,1,0,1,0,1,1,0,1,0,0,1,1,1,0,1,1,1,1,http://twoinchbrush.com/images/painting206.png,https://youtu.be/E3IAMvO8GyM
7,5,Portrait of Sally,0,1,0,1,0,1,1,0,1,0,0,0,1,0,0,0,1,0,1,http://twoinchbrush.com/images/painting208.png,https://youtu.be/MHJB0IBnuD4
7,6,Misty Waterfall,0,1,0,1,0,0,1,0,1,0,0,1,1,1,0,1,1,1,1,http://twoinchbrush.com/images/painting209.png,https://youtu.be/530_cVmexiI
7,7,Barn at Sunset,0,1,0,1,0,1,1,0,1,0,0,1,1,0,0,0,1,1,1,http://twoinchbrush.com/images/painting210.png,https://youtu.be/WT6n0K2zGnA
7,8,Mountain Splendor,0,1,0,1,0,1,1,0,1,0,0,1,0,0,1,1,1,1,1,http://twoinchbrush.com/images/painting211.png,https://youtu.be/GhOGZMpPUSE
7,9,Lake by Mountain,0,1,0,1,0,1,0,0,1,0,0,0,1,1,1,1,1,1,1,http://twoinchbrush.com/images/painting212.png,https://youtu.be/yAiYirlcq7o
7,10,Mountain Glory,0,0,0,1,0,1,1,0,1,0,0,1,1,0,1,1,1,1,1,http://twoinchbrush.com/images/painting213.png,https://youtu.be/0M9pwLHRR2c
7,11,Grey Winter,0,1,0,0,0,0,0,0,0,0,0,1,0,0,0,0,1,0,0,http://twoinchbrush.com/images/painting214.png,https://youtu.be/sS-hNYgDUak
7,12,Dock Scene,0,0,0,1,0,1,1,0,0,0,0,1,1,0,0,1,1,1,1,http://twoinchbrush.com/images/painting215.png,https://youtu.be/4KYxkqlzyqM
7,13,Dark Waterfall,0,1,0,1,0,1,1,0,1,1,0,0,1,0,0,1,1,1,1,http://twoinchbrush.com/images/painting216.png,https://youtu.be/VqMbL00eZqw
8,1,Misty Rolling Hills,0,1,0,1,0,1,0,0,1,0,0,1,1,0,0,1,1,1,1,http://twoinchbrush.com/images/painting190.png,https://youtu.be/cC5ozePVKGI
8,2,Lakeside Cabin,0,1,0,1,0,1,1,0,1,0,0,1,1,1,0,1,1,1,1,http://twoinchbrush.com/images/painting191.png,https://youtu.be/CP6_5cQVZvQ
8,3,Warm Winter Day,0,1,0,1,0,1,1,0,1,0,0,1,1,0,0,0,1,1,1,http://twoinchbrush.com/images/painting192.png,https://youtu.be/mUJoNLWQ1yI
8,4,Waterside Way,0,1,0,1,0,1,1,0,1,0,0,1,1,0,0,1,1,1,1,http://twoinchbrush.com/images/painting193.png,https://youtu.be/uj5FE70BcB0
8,5,Hunter's Haven,0,1,0,1,0,1,1,0,1,0,0,1,0,0,1,1,1,1,1,http://twoinchbrush.com/images/painting194.png,https://youtu.be/Da4SPyh1ATM
8,6,Bubbling Mountain Brook,0,1,0,1,0,1,1,0,1,0,0,1,1,0,0,1,1,1,1,http://twoinchbrush.com/images/painting195.png,https://youtu.be/U2_SKgM3f4A
8,7,Winter Hideaway,0,1,0,1,0,1,1,0,1,0,0,1,1,0,0,0,1,1,1,http://twoinchbrush.com/images/painting196.png,https://youtu.be/19oz9XHZNzA
8,8,Foot of the Mountain,0,1,0,1,0,1,1,0,1,0,0,1,1,1,1,1,1,1,1,http://twoinchbrush.com/images/painting197.png,https://youtu.be/cIUBUc_ITBc
8,9,Majestic Pine,0,1,0,1,0,1,1,0,1,0,0,1,1,0,0,1,1,1,1,http://twoinchbrush.com/images/painting198.png,https://youtu.be/x5CoQj9zr-c
8,10,Cactus at Sunset,0,1,1,1,0,1,1,0,1,0,0,1,0,0,0,0,1,1,1,http://twoinchbrush.com/images/painting199.png,https://youtu.be/XBqD3QhKU24
8,11,Mountain Range,0,1,0,1,0,1,0,0,1,0,0,0,1,0,1,1,1,1,1,http://twoinchbrush.com/images/painting200.png,https://youtu.be/V_l6olF3yHI
8,12,Lonely Retreat,0,1,0,1,0,1,1,0,1,0,0,1,1,0,0,0,1,1,1,http://twoinchbrush.com/images/painting201.png,https://youtu.be/qTDQt_PdlYc
8,13,Northern Lights,0,1,1,1,0,0,1,0,0,0,0,1,1,1,0,0,1,1,0,http://twoinchbrush.com/images/painting202.png,https://youtu.be/vgbMONXc9Cs
9,1,Winter Evergreens,0,1,0,1,0,0,1,0,0,0,0,1,1,0,1,0,1,1,1,http://twoinchbrush.com/images/painting177.png,https://youtu.be/O6L5YPt9CeU
9,2,Surf's Up,0,1,0,1,0,1,1,0,0,0,1,1,1,0,1,0,1,1,1,http://twoinchbrush.com/images/painting178.png,https://youtu.be/ZKxFvyyOBPQ
9,3,Red Sunset,0,1,1,1,0,1,1,0,1,0,0,1,1,0,0,0,1,1,1,http://twoinchbrush.com/images/painting179.png,https://youtu.be/e5JhYi_G-l0
9,4,Meadow Road,0,1,0,1,0,1,1,0,1,0,0,1,1,0,0,1,1,1,1,http://twoinchbrush.com/images/painting180.png,https://youtu.be/u5VT_WGM0kg
9,5,Winter Oval,0,1,0,1,0,0,1,0,0,0,0,1,1,0,0,0,1,1,0,http://twoinchbrush.com/images/painting181.png,https://youtu.be/pYWiLm_-sXw
9,6,Secluded Beach,0,1,1,1,0,1,1,0,0,0,0,1,1,0,1,0,1,1,1,http://twoinchbrush.com/images/painting182.png,https://youtu.be/WGUcw_kFvzU
9,7,Forest Hills,0,1,0,1,0,1,1,0,1,0,0,1,1,0,0,1,1,1,1,http://twoinchbrush.com/images/painting183.png,https://youtu.be/E3XW_Zp238U
9,8,Little House by the Road,0,1,0,1,0,1,1,0,1,0,0,1,1,0,0,1,1,1,1,http://twoinchbrush.com/images/painting184.png,https://youtu.be/3CDg_9gL-5M
9,9,Mountain Path,0,1,0,1,0,1,1,0,1,0,0,1,1,0,0,1,1,1,1,http://twoinchbrush.com/images/painting185.png,https://youtu.be/e0VUprkc1n0
9,10,Country Charm ,0,1,0,1,0,1,1,0,1,0,0,1,1,0,0,1,1,1,1,http://twoinchbrush.com/images/painting186.png,https://youtu.be/9wp8NRzCJnw
9,11,Nature's Paradise,0,1,0,1,0,1,1,0,1,0,0,1,1,0,0,1,1,1,1,http://twoinchbrush.com/images/painting187.png,https://youtu.be/7yU55PUls2c
9,12,Mountain by the Sea,0,1,0,1,0,1,1,0,0,0,1,1,1,1,1,1,1,1,1,http://twoinchbrush.com/images/painting188.png,https://youtu.be/so--opB-yuQ
9,13,Mountain Hideaway,0,1,1,1,0,1,1,0,1,0,0,1,1,0,0,1,1,1,1,http://twoinchbrush.com/images/painting189.png,https://youtu.be/q48EWPrbzVs
10,1,Towering Peaks,0,1,0,1,0,1,1,0,1,0,0,1,1,1,1,1,1,1,1,http://twoinchbrush.com/images/painting163.png,https://youtu.be/1s58rW0_LN4
10,2,Cabin at Sunset,0,1,0,1,0,1,1,0,1,0,0,1,1,0,1,1,1,1,1,http://twoinchbrush.com/images/painting164.png,https://youtu.be/a6Wil3OXNuI
10,3,Twin Falls,0,1,0,1,0,1,1,0,1,0,0,1,1,0,1,1,1,1,1,http://twoinchbrush.com/images/painting165.png,https://youtu.be/cMwkY8ojRik
10,4,Secluded Bridge,0,1,0,1,0,1,1,0,1,0,0,1,1,0,1,1,1,1,1,http://twoinchbrush.com/images/painting166.png,https://youtu.be/vrAMRxBB5KI
10,5,Ocean Breeze,0,1,1,1,0,1,1,0,0,0,0,1,1,1,1,0,1,1,1,http://twoinchbrush.com/images/painting167.png,https://youtu.be/XZmdzfvXRuw
10,6,Autumn Woods,0,1,0,1,0,1,1,0,1,0,0,1,1,0,1,1,1,1,1,http://twoinchbrush.com/images/painting168.png,https://youtu.be/vKyMU5Z8cDI
10,7,Winter Solitude,0,1,0,1,0,0,1,0,0,0,0,1,1,0,0,0,1,1,0,http://twoinchbrush.com/images/painting170.png,https://youtu.be/ov4YaCQB9co
10,8,Golden Sunset,0,1,1,1,0,1,1,0,1,0,0,1,1,0,0,1,1,1,1,http://twoinchbrush.com/images/painting171.png,https://youtu.be/CiNDyckERXQ
10,9,Mountain Oval,0,0,0,1,0,1,1,0,1,0,0,1,1,0,1,1,1,1,1,http://twoinchbrush.com/images/painting172.png,https://youtu.be/Qj6lMtnCt8o
10,10,Ocean Sunset,0,1,0,1,0,1,1,0,1,0,1,1,1,0,1,0,1,1,1,http://twoinchbrush.com/images/painting173.png,https://youtu.be/OJ_xqtvZf3o
10,11,Triple View,0,1,0,1,0,1,1,0,1,0,0,1,1,0,1,1,1,1,1,http://twoinchbrush.com/images/painting174.png,https://youtu.be/zoTeyliLn5o
10,12,Winter Frost,0,1,0,1,0,1,1,0,0,0,0,1,1,0,1,0,1,1,0,http://twoinchbrush.com/images/painting175.png,https://youtu.be/8satX-hLkuI
10,13,Lakeside Cabin,0,1,0,1,0,1,1,0,1,0,0,1,1,0,1,1,1,1,1,http://twoinchbrush.com/images/painting176.png,https://youtu.be/1l_TsfCIb_I
11,1,Mountain Stream,0,1,0,1,0,1,1,0,1,0,0,1,1,0,1,1,1,1,1,http://twoinchbrush.com/images/painting150.png,https://youtu.be/xdFCj6BzQio
11,2,Country Cabin,0,1,0,1,0,0,1,0,0,0,0,1,0,0,1,0,1,1,0,http://twoinchbrush.com/images/painting151.png,https://youtu.be/Dkww2nHpuZw
11,3,Daisy Delight,0,1,0,0,0,1,1,0,0,0,1,1,1,0,0,1,1,1,1,http://twoinchbrush.com/images/painting152.png,https://youtu.be/HuHC1RqtvDA
11,4,Hidden Stream,0,1,0,1,0,1,1,0,1,0,0,1,1,0,1,1,1,1,1,http://twoinchbrush.com/images/painting153.png,https://youtu.be/JGzTg8fCj4w
11,5,Towering Glacier,0,1,1,1,0,1,1,0,1,0,0,1,0,0,1,1,1,1,1,http://twoinchbrush.com/images/painting154.png,https://youtu.be/67vdGbA3Xkg
11,6,Oval Barn,0,0,0,1,0,0,1,0,0,0,0,1,0,0,1,0,1,1,0,http://twoinchbrush.com/images/painting155.png,https://youtu.be/HqBhCibidNM
11,7,Lakeside Path,0,1,0,1,0,1,1,0,1,0,0,1,1,0,1,1,1,1,1,http://twoinchbrush.com/images/painting156.png,https://youtu.be/1yjGoJokbZg
11,8,Sunset Oval,0,1,0,1,0,1,1,0,1,0,0,1,1,0,0,1,1,1,1,http://twoinchbrush.com/images/painting157.png,https://youtu.be/9xG6IzcGotI
11,9,Winter Barn,0,1,0,0,0,0,1,0,0,0,0,1,1,0,0,0,1,1,0,http://twoinchbrush.com/images/painting158.png,https://youtu.be/_xkn0ceDreo
11,10,Sunset over the Waves,0,1,1,1,0,1,1,0,1,0,0,1,1,0,0,0,1,1,0,http://twoinchbrush.com/images/painting159.png,https://youtu.be/c4b_B2F1eZg
11,11,Golden Glow,0,0,0,0,0,1,1,0,1,0,1,0,0,0,1,0,1,1,1,http://twoinchbrush.com/images/painting160.png,https://youtu.be/aA8RhtaWACA
11,12,Roadside Barn,0,1,0,1,0,1,1,0,1,0,0,1,0,0,1,1,1,1,1,http://twoinchbrush.com/images/painting161.png,https://youtu.be/vJpKhiXvXdA
11,13,Happy Accident,0,1,0,1,0,1,1,0,1,0,0,1,0,0,1,1,1,1,1,http://twoinchbrush.com/images/painting162.png,https://youtu.be/Fw6odlNp7_8
12,1,Golden Knoll,0,0,0,0,0,1,1,0,1,0,0,1,0,0,0,0,1,1,1,http://twoinchbrush.com/images/painting137.png,https://youtu.be/-O0Bs65eN5w
12,2,Mountain Reflections,0,1,0,1,0,1,1,0,1,0,0,1,1,0,1,1,1,1,1,http://twoinchbrush.com/images/painting138.png,https://youtu.be/rzYpa4XGSnA
12,3,Secluded Mountain,0,1,0,1,0,1,1,0,1,0,0,1,1,1,1,1,1,1,1,http://twoinchbrush.com/images/painting139.png,https://youtu.be/3PZabdohLso
12,4,Bright Autumn Trees,0,1,0,1,0,1,1,0,1,1,0,1,0,1,1,1,1,1,1,http://twoinchbrush.com/images/painting140.png,https://youtu.be/aR-C3h5zURM
12,5,Black Seascape,0,0,1,1,0,1,1,0,0,0,0,1,1,1,0,0,1,1,0,http://twoinchbrush.com/images/painting141.png,https://youtu.be/P_aCan4cBwc
12,6,Steep Mountains,0,1,0,1,0,1,1,0,1,0,0,1,1,0,1,1,1,1,1,http://twoinchbrush.com/images/painting142.png,https://youtu.be/fRK8_ioYWw4
12,7,Quiet Mountains River,0,1,0,1,0,1,1,0,1,0,0,1,1,0,1,1,1,1,1,http://twoinchbrush.com/images/painting143.png,https://youtu.be/Leiw-FtADZc
12,8,Evening Waterfall,0,0,1,1,0,1,1,0,1,0,0,1,1,0,0,1,1,1,1,http://twoinchbrush.com/images/painting144.png,https://youtu.be/PutvF_P4588
12,9,Tropical Seascape,0,1,0,1,0,1,1,0,1,0,1,1,1,0,1,0,1,1,1,http://twoinchbrush.com/images/painting145.png,https://youtu.be/RrBsbqO9aqI
12,10,Mountain at Sunset,0,1,0,1,0,1,1,0,1,0,1,1,1,0,1,1,1,1,1,http://twoinchbrush.com/images/painting146.png,https://youtu.be/HCsCatvigtw
12,11,Soft Mountain Glow,0,1,0,1,0,1,1,0,1,0,0,1,1,0,1,1,1,1,1,http://twoinchbrush.com/images/painting147.png,https://youtu.be/gOGJYHWjXgE
12,12,Mountain in an Oval,0,1,0,1,0,1,1,0,1,0,0,1,1,0,0,1,1,1,1,http://twoinchbrush.com/images/painting148.png,https://youtu.be/1jRPshs27H8
12,13,Winter Mountain,0,1,0,1,0,0,0,0,0,0,0,1,1,0,1,0,1,1,0,http://twoinchbrush.com/images/painting149.png,https://youtu.be/46vI20697HI
13,1,Rolling Hills,0,1,0,1,0,1,1,0,1,0,0,1,1,0,1,1,1,1,1,http://twoinchbrush.com/images/painting124.png,https://youtu.be/H4GyGrT7lEQ
13,2,Frozen Solitude,0,0,0,0,0,0,1,0,0,0,0,1,0,0,1,0,1,1,0,http://twoinchbrush.com/images/painting125.png,https://youtu.be/kNZssD9zWlw
13,3,Meadow Brook,0,1,0,1,0,1,1,0,1,0,0,1,1,1,1,1,1,1,1,http://twoinchbrush.com/images/painting126.png,https://youtu.be/06W8GsWj2Yg
13,4,Evening at Sunset,0,1,1,1,0,1,1,0,1,0,0,1,1,0,0,1,1,1,1,http://twoinchbrush.com/images/painting127.png,https://youtu.be/7ZUQTXuDPaI
13,5,Mountain View,0,1,0,1,0,1,1,0,1,0,0,1,1,0,0,1,1,1,1,http://twoinchbrush.com/images/painting128.png,https://youtu.be/dJfnAyDLwPY
13,6,Hidden Creek,0,0,1,0,0,1,1,0,1,0,0,1,1,0,0,1,1,1,1,http://twoinchbrush.com/images/painting129.png,https://youtu.be/KmoRz01bm0Y
13,7,Peaceful Haven,0,1,0,1,0,1,1,0,1,0,0,1,1,1,1,1,1,1,1,http://twoinchbrush.com/images/painting130.png,https://youtu.be/j20pZ96E_CE
13,8,Mountain Exhibition,0,1,0,0,0,1,1,0,1,0,0,1,1,0,0,1,1,1,1,http://twoinchbrush.com/images/painting131.png,https://youtu.be/bgI3_1quJ18
13,9,Emerald Waters,0,0,1,0,0,1,1,0,0,0,0,1,0,0,1,1,1,1,1,http://twoinchbrush.com/images/painting132.png,https://youtu.be/lLunPQBzW6g
13,10,Mountain Summit,0,1,0,1,0,1,1,0,1,0,0,1,1,0,1,1,1,1,1,http://twoinchbrush.com/images/painting133.png,https://youtu.be/kasGRkfkiPM
13,11,Cabin Hideaway,0,1,0,1,0,1,1,0,0,0,0,1,1,0,1,0,1,1,1,http://twoinchbrush.com/images/painting134.png,https://youtu.be/NjTlW2NL1Lo
13,12,Oval Essence,0,1,0,0,0,1,1,0,0,0,0,1,1,1,0,0,1,1,0,http://twoinchbrush.com/images/painting135.png,https://youtu.be/q7WXF_BSEXw
13,12,Lost Lake,0,1,0,1,0,1,1,0,1,0,0,1,1,0,1,1,1,1,1,http://twoinchbrush.com/images/painting136.png,https://youtu.be/9-ATP8xyDM0
14,1,Distant Mountains,0,1,0,1,0,1,1,0,1,0,0,1,1,1,1,1,1,1,1,http://twoinchbrush.com/images/painting111.png,https://youtu.be/GpA9UM7QGag
14,2, Meadow Brook Surprise,0,1,0,1,0,1,1,0,1,0,0,1,1,0,1,1,1,1,1,http://twoinchbrush.com/images/painting112.png,https://youtu.be/Ov5oIHTAa10
14,3,Mountain Moonlight Oval,0,1,1,0,0,1,1,0,1,0,0,1,1,0,1,1,1,1,1,http://twoinchbrush.com/images/painting113.png,https://youtu.be/CigXQtT6BPM
14,4,Snowy Solitude,0,1,0,0,0,0,1,0,0,0,0,1,1,0,0,0,1,1,1,http://twoinchbrush.com/images/painting114.png,https://youtu.be/1ZriQGhSFTM
14,5,Mountain River,0,1,0,1,0,1,1,0,1,0,0,1,1,1,1,1,1,1,1,http://twoinchbrush.com/images/painting115.png,https://youtu.be/CnMLKAGi0yM
14,6,Graceful Mountains,0,1,0,1,0,1,1,0,1,0,0,1,1,0,1,1,1,1,1,http://twoinchbrush.com/images/painting116.png,https://youtu.be/0uVe8T-vVVg
14,7,Windy Waves,0,1,0,1,0,1,1,0,1,1,0,1,1,1,1,1,1,1,1,http://twoinchbrush.com/images/painting117.png,https://youtu.be/y6GVVjG4HMg
14,9,On a Clear Day,0,1,0,1,0,1,1,0,1,0,0,1,1,0,1,0,1,1,1,http://twoinchbrush.com/images/painting118.png,https://youtu.be/e63Cgln6Yag
14,9,Riverside Escape Oval,0,1,0,1,0,1,1,0,1,0,0,1,1,1,1,1,1,1,1,http://twoinchbrush.com/images/painting119.png,https://youtu.be/d83REwSGfGo
14,10,Surprising Falls,0,1,0,1,0,1,1,0,1,0,0,1,1,1,1,1,1,1,1,http://twoinchbrush.com/images/painting120.png,https://youtu.be/QbclL1ca7_s
14,11,Shadow Pond,0,1,1,1,0,1,1,0,1,0,0,1,1,0,1,1,1,1,1,http://twoinchbrush.com/images/painting121.png,https://youtu.be/BQWJ3kqonpA
14,12,Misty Forest Oval,0,1,1,1,0,1,1,0,1,0,0,1,1,0,0,1,1,1,1,http://twoinchbrush.com/images/painting122.png,https://youtu.be/ddU9vQvSpw8
14,13,Natural Wonder,0,1,0,0,0,1,1,0,1,0,0,1,1,0,1,1,1,1,1,http://twoinchbrush.com/images/painting123.png,https://youtu.be/knOutsaiKfU
15,1,Splendor of Winter,0,1,0,1,0,1,1,0,0,0,0,1,1,0,1,0,1,1,1,http://twoinchbrush.com/images/painting98.png,https://youtu.be/oJvk7gPDHiE
15,2,Colors of Nature,0,1,0,1,0,1,1,0,1,0,0,1,1,0,1,1,1,1,1,http://twoinchbrush.com/images/painting99.png,https://youtu.be/Me9Ietooq4w
15,3,Grandpa's Barn,0,1,0,1,0,1,1,0,1,0,0,1,0,0,1,1,1,1,1,http://twoinchbrush.com/images/painting100.png,https://youtu.be/IPPU49PyfEA
15,4,Peaceful Reflections,0,1,0,1,0,1,1,0,1,0,0,1,1,1,1,1,1,1,1,http://twoinchbrush.com/images/painting101.png,https://youtu.be/gYuH4Ilqdhs
15,5,Hidden Winter Moon Oval,0,1,1,0,0,0,1,0,0,0,0,1,1,0,1,0,1,1,0,http://twoinchbrush.com/images/painting102.png,https://youtu.be/yxAMOdl6RJE
15,6,Waves of Wonder,0,1,0,1,0,1,1,0,0,0,1,1,1,1,1,0,1,1,1,http://twoinchbrush.com/images/painting103.png,https://youtu.be/tayQX_ng-Nc
15,7,Cabin by the Pond,0,1,0,1,0,1,1,0,1,0,0,1,1,0,1,1,1,1,1,http://twoinchbrush.com/images/painting104.png,https://youtu.be/TyOO6WeP2AY
15,8,Fall Stream,0,1,0,1,0,1,1,0,1,0,0,1,1,0,1,1,1,1,1,http://twoinchbrush.com/images/painting105.png,https://youtu.be/ZY0ofhdV_L0
15,9,Christmas Eve Snow,0,1,1,0,0,1,1,0,0,0,0,1,1,0,1,0,1,1,0,http://twoinchbrush.com/images/painting106.png,https://youtu.be/cVqFG2pxK2A
15,10,Forest Down Oval,0,1,1,1,0,1,1,0,1,0,0,1,1,0,0,1,1,1,1,http://twoinchbrush.com/images/painting107.png,https://youtu.be/COsJUfPN2dA
15,11,Pathway to Autumn,0,1,0,1,0,1,1,0,1,0,0,1,1,0,1,1,1,1,1,http://twoinchbrush.com/images/painting108.png,https://youtu.be/Hg5RKc6xiL4
15,12,Deep Forest Lake,0,1,1,1,0,1,1,0,1,0,0,1,1,0,1,1,1,1,1,http://twoinchbrush.com/images/painting109.png,https://youtu.be/2bjFmSQjQrw
15,13,Peaks of Majesty,0,1,0,0,0,1,1,0,1,0,0,1,1,0,1,1,1,1,1,http://twoinchbrush.com/images/painting110.png,https://youtu.be/lTb8DN6G6dE
16,1,Two Seasons,0,1,0,1,0,1,1,0,1,0,0,1,1,1,1,1,1,1,1,http://twoinchbrush.com/images/painting84.png,https://youtu.be/jwVz0uTLH1I
16,2,Nestled Cabin,0,1,1,1,0,1,1,0,1,0,0,1,1,0,0,1,1,1,1,http://twoinchbrush.com/images/painting85.png,https://youtu.be/l_jN9KN257M
16,3,Wintertime Discovery,0,1,0,1,0,1,1,0,1,0,0,1,1,0,1,0,1,1,1,http://twoinchbrush.com/images/painting86.png,https://youtu.be/uZyZW3tkCE0
16,4,Mountain Mirage Wood Shape,0,1,0,1,0,1,1,0,1,0,0,1,1,0,1,1,1,1,1,http://twoinchbrush.com/images/painting87.png,https://youtu.be/jfCsew_mz7A
16,5,Double Oval Fantasy,0,1,0,1,0,1,1,0,1,0,0,1,1,1,1,1,1,1,1,http://twoinchbrush.com/images/painting88.png,https://youtu.be/4jAsLpJzjHM
16,6,Contemplative Lady,0,0,0,0,0,0,0,0,0,0,0,0,0,0,0,0,0,1,0,http://twoinchbrush.com/images/painting89.png,https://youtu.be/gnp6WE7Ql-s
16,7,Deep Woods,0,1,0,1,0,1,1,0,0,0,0,1,1,0,0,1,1,1,1,http://twoinchbrush.com/images/painting90.png,https://youtu.be/rE5ZVs_YJfE
16,8,High Tide,0,1,1,1,0,1,1,0,1,0,0,1,1,0,0,1,1,1,1,http://twoinchbrush.com/images/painting91.png,https://youtu.be/_IREQ4SIcX8
16,9,Barn in Snow Oval,0,1,0,0,0,0,1,0,0,0,0,1,1,0,0,0,1,1,1,http://twoinchbrush.com/images/painting93.png,https://youtu.be/wJmi7-G9r-w
16,10,That Time of Year,0,1,0,1,0,1,0,0,1,0,0,1,1,0,0,1,1,1,0,http://twoinchbrush.com/images/painting94.png,https://youtu.be/q5moLoqOkP0
16,11,Waterfall Wonder,0,1,1,0,0,1,1,0,1,0,0,1,1,0,0,1,1,1,1,http://twoinchbrush.com/images/painting95.png,https://youtu.be/AGhXEPfp-W4
16,12,Mighty Mountain Lake,0,1,0,1,0,1,1,0,1,0,0,1,0,0,1,1,1,1,1,http://twoinchbrush.com/images/painting96.png,https://youtu.be/4vXB2R8ybDE
16,13,Wooded Stream Oval,0,1,1,1,0,1,1,0,1,0,0,1,1,0,0,1,1,1,1,http://twoinchbrush.com/images/painting97.png,https://youtu.be/-XA2h17y3HU
17,1,Golden Mist Oval,0,1,0,1,0,1,1,0,0,0,0,1,1,0,0,0,1,1,1,http://twoinchbrush.com/images/painting71.png,https://youtu.be/lhpfaW0k6uM
17,2,The Old Home Place,0,1,0,1,0,1,1,0,1,0,0,1,1,0,0,1,1,1,1,http://twoinchbrush.com/images/painting72.png,https://youtu.be/EVQcDEiJh2o
17,3,Soothing Vista,0,1,1,1,0,1,1,0,1,0,0,1,1,0,1,1,1,1,1,http://twoinchbrush.com/images/painting73.png,https://youtu.be/NqfRLiv0SZ0
17,4,Stormy Seas,0,1,0,1,0,1,1,0,0,0,0,1,1,0,0,0,1,1,1,http://twoinchbrush.com/images/painting74.png,https://youtu.be/LE6agCR5iBw
17,5,Country Time,0,1,0,1,0,1,1,0,1,0,1,1,1,0,1,1,1,1,1,http://twoinchbrush.com/images/painting75.png,https://youtu.be/e_bt9rQoGN0
17,6,A Mild Winter's Day,0,1,0,1,0,1,1,0,1,0,0,1,1,0,0,0,1,1,1,http://twoinchbrush.com/images/painting76.png,https://youtu.be/BbYO579MmhA
17,7,Spectacular Waterfall,0,1,1,1,0,1,1,0,1,0,1,1,1,1,1,1,1,1,1,http://twoinchbrush.com/images/painting77.png,https://youtu.be/nK-HebXL2uw
17,8,View from the Park,0,1,0,1,0,1,1,0,1,0,0,1,1,1,1,1,1,1,1,http://twoinchbrush.com/images/painting78.png,https://youtu.be/Q4n90jsOUtY
17,9,Lake View,0,1,0,1,0,1,1,0,1,0,0,1,1,0,1,1,1,1,1,http://twoinchbrush.com/images/painting79.png,https://youtu.be/07acfzBaoa0
17,10,Old Country Mill,0,1,0,1,0,1,1,0,1,0,0,1,1,0,0,1,1,1,1,http://twoinchbrush.com/images/painting80.png,https://youtu.be/n8HlFCQACYA
17,11,Morning Walk,0,1,1,1,0,1,1,0,0,0,0,1,1,0,1,1,1,1,1,http://twoinchbrush.com/images/painting81.png,https://youtu.be/pSvgNkQdR2Y
17,12,Nature's Splendor,0,1,1,1,0,1,1,0,1,0,0,1,1,0,1,1,1,1,1,http://twoinchbrush.com/images/painting82.png,https://youtu.be/uCAtI2IwEwk
17,13,Mountain Beauty,0,1,0,1,0,1,1,0,1,0,0,1,1,0,0,1,1,1,1,http://twoinchbrush.com/images/painting83.png,https://youtu.be/8P-YeoTmVrw
18,1,Half-Oval Vignette,0,1,0,1,0,1,1,0,1,0,0,1,1,0,1,1,1,1,1,http://twoinchbrush.com/images/painting58.png,https://youtu.be/uY3fIry2tOE
18,2,Absolutely Autumn,0,1,0,1,0,1,1,0,1,0,0,1,1,0,0,1,1,1,1,http://twoinchbrush.com/images/painting59.png,https://youtu.be/PGPVpil2UmE
18,2,Mountain Seclusion,0,1,1,0,0,1,1,0,0,0,1,1,1,0,1,0,1,1,0,http://twoinchbrush.com/images/painting60.png,https://youtu.be/EBZKuVbRY54
18,4,Crimson Oval,0,1,1,1,0,1,1,0,1,0,0,1,1,0,0,1,1,1,1,http://twoinchbrush.com/images/painting61.png,https://youtu.be/R7Y3izMFPbM
18,5,Autumn Exhibition,0,1,0,1,0,1,1,0,1,0,0,1,1,0,0,1,1,1,1,http://twoinchbrush.com/images/painting62.png,https://youtu.be/6afHY2d9Lv8
18,6,Majestic Peaks,0,1,0,1,0,1,1,0,1,0,0,1,1,1,1,1,1,1,1,http://twoinchbrush.com/images/painting63.png,https://youtu.be/lilbzLCNnDo
18,7,Golden Morning Mist,0,1,1,1,0,1,1,0,1,0,0,1,1,0,0,1,1,1,1,http://twoinchbrush.com/images/painting64.png,https://youtu.be/rCHXqj4DHlM
18,8,Winter Lace,0,1,0,1,0,0,1,0,0,0,0,1,1,0,1,0,1,1,0,http://twoinchbrush.com/images/painting65.png,https://youtu.be/WJF_qoQRPck
18,9,Seascape Fantasy,0,1,1,0,0,1,1,0,1,0,0,1,1,0,0,1,1,1,1,http://twoinchbrush.com/images/painting66.png,https://youtu.be/sBBBilrDuSw
18,10,Double Oval Stream,0,1,0,1,0,1,1,0,1,1,0,1,1,0,1,1,1,1,1,http://twoinchbrush.com/images/painting67.png,https://youtu.be/rRjnHdr9DmU
18,11,Enchanted Forest,0,1,1,1,0,1,1,0,1,0,0,1,1,0,0,1,1,1,1,http://twoinchbrush.com/images/painting68.png,https://youtu.be/ikR7UT9mVBw
18,12,Southwest Serenity,0,1,0,1,0,1,1,0,0,0,0,1,1,0,0,1,1,1,1,http://twoinchbrush.com/images/painting69.png,https://youtu.be/EVfPPJ5FUmA
18,12,Rippling Waters,0,1,0,1,0,1,1,0,1,1,0,1,1,0,0,1,1,1,1,http://twoinchbrush.com/images/painting70.png,https://youtu.be/XvnJBynSiT0
19,1,Snowfall Magic,0,1,0,1,0,1,1,0,1,0,0,1,1,0,0,0,1,1,1,http://twoinchbrush.com/images/painting44.png,https://youtu.be/1enWTsRi16o
19,2,Quiet Mountain Lake,0,1,1,1,0,1,1,0,1,0,1,1,1,0,1,1,1,1,1,http://twoinchbrush.com/images/painting45.png,https://youtu.be/2gq2V6dCt2I
19,3,Final Embers of Sunlight,0,1,0,1,0,1,1,0,1,0,0,1,1,0,1,1,1,1,1,http://twoinchbrush.com/images/painting46.png,https://youtu.be/IeFbdk36MUU
19,4,Snowy Morn,0,1,0,0,0,0,1,0,0,0,0,1,0,0,1,0,1,1,1,http://twoinchbrush.com/images/painting47.png,https://youtu.be/iB1TDWlo0kk
19,5,Camper's Haven,0,1,0,0,0,1,1,0,1,0,0,1,1,0,1,1,1,1,1,http://twoinchbrush.com/images/painting48.png,https://youtu.be/C34WAUgkAT0
19,6,Waterfall in the Woods,0,1,1,1,0,1,1,0,1,0,1,1,1,0,1,1,1,1,1,http://twoinchbrush.com/images/painting49.png,https://youtu.be/uBRKVa7sy1Q
19,7,Covered Bridge Oval,0,1,0,1,0,1,1,0,0,0,0,1,1,0,1,0,1,1,1,http://twoinchbrush.com/images/painting50.png,https://youtu.be/F4iPbH1OHsQ
19,8,Scenic Seclusion,0,1,0,1,0,1,1,0,1,0,0,1,1,1,1,1,1,1,1,http://twoinchbrush.com/images/painting51.png,https://youtu.be/d50HkqB9JEM
19,9,Ebb Tide,0,1,0,1,0,1,1,0,0,0,1,1,1,0,0,0,1,1,1,http://twoinchbrush.com/images/painting52.png,https://youtu.be/mFOna_LN7Ys
19,10,After the Rain,0,1,1,1,0,1,1,0,1,0,0,1,1,0,0,1,1,1,1,http://twoinchbrush.com/images/painting53.png,https://youtu.be/Wj-3ct7RvAI
19,11,Winter Elegance,0,1,0,1,0,1,1,0,0,0,0,1,1,0,0,0,1,1,1,http://twoinchbrush.com/images/painting54.png,https://youtu.be/JjBZzKp_u5E
19,12,Evening's Peace,0,1,1,0,0,1,1,0,0,0,1,1,1,0,1,0,1,1,0,http://twoinchbrush.com/images/painting56.png,https://youtu.be/uEUMVwc4o5U
19,13,Valley of Tranquility,0,1,0,1,0,1,1,0,1,0,0,1,1,1,1,1,1,1,1,http://twoinchbrush.com/images/painting57.png,https://youtu.be/FnY7jDY5PsE
20,1,Mystic Mountain,0,1,0,1,0,1,1,0,1,0,0,1,1,0,1,1,1,1,1,http://twoinchbrush.com/images/painting31.png,https://youtu.be/VlucWfTUo1A
20,2,New Day's Dawn,0,1,0,1,0,1,1,0,1,0,1,1,1,0,0,1,1,1,1,http://twoinchbrush.com/images/painting32.png,https://youtu.be/vbPdQ0w8ylg
20,3,Winter in Pastel,0,1,0,1,0,0,1,0,1,0,0,1,1,0,0,0,1,1,1,http://twoinchbrush.com/images/painting33.png,https://youtu.be/kbnXZRNMouM
20,4,Hazy Day,0,1,0,1,0,1,1,0,1,0,0,1,1,0,0,1,1,1,1,http://twoinchbrush.com/images/painting34.png,https://youtu.be/5U3G61r35Mc
20,5,Divine Elegance,0,1,0,0,0,1,1,0,1,0,0,1,1,1,1,1,1,1,1,http://twoinchbrush.com/images/painting35.png,https://youtu.be/mb-Gwx1S5Gs
20,6,Cliffside ,0,1,1,1,0,1,1,0,1,0,0,1,1,0,0,1,1,1,1,http://twoinchbrush.com/images/painting36.png,https://youtu.be/p6Uy2qOLvGk
20,7,Autumn Fantasy,0,1,0,1,0,1,1,0,1,0,0,1,1,0,0,1,1,1,1,http://twoinchbrush.com/images/painting37.png,https://youtu.be/FozIp7Va7dY
20,8,The Old Oak Tree,0,1,1,1,0,1,1,0,1,0,1,1,1,0,0,1,1,1,1,http://twoinchbrush.com/images/painting38.png,https://youtu.be/dN4HjAn8p5U
20,9,Winter Paradise,0,1,0,0,0,0,1,0,0,0,0,1,1,0,1,0,1,0,0,http://twoinchbrush.com/images/painting39.png,https://youtu.be/DY1aBv8Z1SQ
20,10,Days Gone By,0,1,0,1,0,1,1,0,1,0,0,1,1,0,1,1,1,1,1,http://twoinchbrush.com/images/painting40.png,https://youtu.be/DmYhNHVIdMI
20,11,Change of Seasons,0,1,0,1,0,1,1,0,1,0,0,1,1,0,1,1,1,1,1,http://twoinchbrush.com/images/painting41.png,https://youtu.be/QbgPu5f2Vf8
20,12,Hidden Delight,0,1,0,1,0,1,1,0,1,0,0,1,1,0,0,1,1,1,1,http://twoinchbrush.com/images/painting42.png,https://youtu.be/ZyPNzDaaDt8
20,13,Double Take,0,1,0,1,0,1,1,0,1,0,0,1,1,1,1,1,1,1,1,http://twoinchbrush.com/images/painting43.png,https://youtu.be/ppzFgG2K2k4
21,1,Valley View,0,1,1,1,0,1,1,0,1,0,0,1,1,0,1,1,1,1,1,http://twoinchbrush.com/images/painting17.png,https://youtu.be/pw5ETGiiBRg
21,2,Tranquil Dawn,0,1,0,0,0,1,1,0,1,0,1,1,1,0,0,0,1,1,1,http://twoinchbrush.com/images/painting18.png,https://youtu.be/4abDq6Q-mlM
21,3,Royal Majesty,0,1,1,1,0,1,1,0,1,0,1,1,1,0,1,1,1,1,1,http://twoinchbrush.com/images/painting19.png,https://youtu.be/ubUXBqE6t0U
21,4,Serenity ,0,1,1,1,0,1,1,0,1,0,0,1,1,0,0,1,1,1,1,http://twoinchbrush.com/images/painting20.png,https://youtu.be/crqmO3qDdco
21,5,Cabin at Trails End,0,1,1,1,0,1,1,0,1,0,1,1,1,0,0,1,1,1,1,http://twoinchbrush.com/images/painting21.png,https://youtu.be/GLkLO4KqTRs
21,6,Mountain Rhapsody,0,1,0,0,0,0,1,0,1,0,0,1,1,0,0,0,1,1,1,http://twoinchbrush.com/images/painting22.png,https://youtu.be/H4VsmKU5T7g
21,7,Wilderness Cabin,0,1,0,1,0,1,1,0,1,0,1,1,1,1,1,1,1,1,1,http://twoinchbrush.com/images/painting23.png,https://youtu.be/GWehiacnd1E
21,8,By the Sea,0,1,1,1,0,1,1,0,1,0,0,1,1,1,0,1,1,1,1,http://twoinchbrush.com/images/painting24.png,https://youtu.be/8tHHBTK6wwc
21,9,Indian Summer,0,1,1,1,0,1,1,0,1,0,0,1,1,0,1,1,1,1,1,http://twoinchbrush.com/images/painting25.png,https://youtu.be/pfWV8NkotvU
21,10,Blue Winter,0,0,0,0,0,0,0,0,0,0,0,1,0,0,1,0,1,0,0,http://twoinchbrush.com/images/painting27.png,https://youtu.be/liR0gS0sZY0
21,11,Desert Glow,0,1,0,1,0,1,0,0,1,0,0,1,1,0,0,1,1,0,1,http://twoinchbrush.com/images/painting28.png,https://youtu.be/QyncJfL_HmU
21,12,Lone Mountain,0,1,0,1,0,1,1,0,1,0,0,1,1,1,1,1,1,1,1,http://twoinchbrush.com/images/painting29.png,https://youtu.be/NJbzIftLLmU
21,13,Florida's Glory,0,1,0,0,0,1,1,0,0,0,1,1,1,0,1,1,1,1,1,http://twoinchbrush.com/images/painting30.png,https://youtu.be/HQC5sPN9Xhc
22,1,Autumn Images,0,1,0,1,0,1,1,1,0,0,0,1,0,0,1,1,1,1,1,http://twoinchbrush.com/images/painting14.png,https://youtu.be/HMx34Am6RFg
22,2,Hint of Springtime,0,1,0,1,0,1,1,0,1,0,0,1,1,1,1,1,1,1,1,http://twoinchbrush.com/images/painting15.png,https://youtu.be/C-OSaHvt8ms
22,3,Around the Bend,0,1,1,1,0,1,1,0,1,0,0,1,1,1,1,1,1,1,1,http://twoinchbrush.com/images/painting16.png,https://youtu.be/Kl5X3icOVvw
22,4,Countryside Oval,0,1,0,1,0,1,1,0,1,0,0,1,1,0,1,1,1,1,1,http://twoinchbrush.com/images/painting4.png,https://youtu.be/hdNH5axK4u0
22,5,Russet Winter,0,1,0,0,0,1,1,0,1,0,0,1,1,0,0,0,1,1,1,http://twoinchbrush.com/images/painting5.png,https://youtu.be/aE4nID1p-t0
22,6,Purple Haze,0,1,0,1,0,1,1,0,1,0,0,1,1,0,0,1,1,1,1,http://twoinchbrush.com/images/painting6.png,https://youtu.be/ZoJ2tcXWb7g
22,7,Dimensions ,0,1,0,1,0,1,1,0,1,0,0,1,1,0,1,1,1,1,1,http://twoinchbrush.com/images/painting7.png,https://youtu.be/JUuP75RVZDI
22,8,Deep Wilderness Home,0,1,0,1,0,1,1,0,1,0,0,1,1,0,1,1,1,1,1,http://twoinchbrush.com/images/painting8.png,https://youtu.be/uZWNvDFfbUk
22,9,Haven in the Valley,0,1,0,1,0,1,1,0,1,0,0,1,1,1,1,1,1,1,1,http://twoinchbrush.com/images/painting9.png,https://youtu.be/Qccgam514ds
22,10,Wintertime Blues,0,1,0,0,0,0,1,0,0,0,0,1,1,0,1,0,1,1,0,http://twoinchbrush.com/images/painting10.png,https://youtu.be/dbMJVM4iL2Q
22,11,Pastel Seascape,0,1,0,1,0,1,1,0,1,0,0,1,1,0,0,1,1,1,1,http://twoinchbrush.com/images/painting11.png,https://youtu.be/K4aud_SpFDQ
22,12,Country Creek,0,1,1,1,0,1,1,0,1,0,0,1,1,0,1,1,1,1,1,http://twoinchbrush.com/images/painting12.png,https://youtu.be/JDa6JPcqy88
22,13,Silent Forest,0,1,1,1,0,1,1,0,1,0,1,1,1,0,0,1,1,1,1,http://twoinchbrush.com/images/painting13.png,https://youtu.be/AE1GKcL3NuI
23,1,Frosty Winter Morn,0,1,0,0,0,1,0,0,0,0,0,1,1,0,1,1,1,1,0,http://twoinchbrush.com/images/painting295.png,https://youtu.be/1-9_enMBquw
23,2,Forest Edge,0,1,1,1,0,1,1,0,1,0,0,1,0,0,1,1,1,1,1,http://twoinchbrush.com/images/painting296.png,https://youtu.be/puGk2iFvvp0
23,3,Mountain Ridge Lake,0,1,0,1,0,1,1,0,1,0,0,1,1,0,1,1,1,1,1,http://twoinchbrush.com/images/painting297.png,https://youtu.be/Hq-z06i6HCs
23,4,Reflections of Gold,0,1,0,1,0,1,1,0,1,0,0,1,0,0,1,0,1,1,1,http://twoinchbrush.com/images/painting298.png,https://youtu.be/8f9CCnqJ_1Y
23,5,Quiet Cove ,0,1,0,1,0,1,1,0,1,0,0,1,0,0,1,1,1,1,1,http://twoinchbrush.com/images/painting299.png,https://youtu.be/cR9hTbSomx4
23,6,Rivers Peace,0,1,1,1,0,1,1,0,1,0,0,1,1,0,1,1,1,1,1,http://twoinchbrush.com/images/painting300.png,https://youtu.be/flCWS9LB4Ks
23,7,At Dawn's Light,0,1,0,1,0,1,1,0,0,0,0,1,0,0,1,0,1,1,1,http://twoinchbrush.com/images/painting301.png,https://youtu.be/HFdTxqEznIk
23,8,Valley Waterfall ,0,1,1,1,0,1,1,0,1,0,1,1,1,1,1,1,1,1,1,http://twoinchbrush.com/images/painting302.png,https://youtu.be/VYcsYzzRae4
23,9,Toward Days End,0,1,0,1,0,1,1,0,1,0,0,1,1,1,1,1,1,1,1,http://twoinchbrush.com/images/painting303.png,https://youtu.be/cFi_fJl40BA
23,10,Falls in the Glen ,0,1,1,1,0,1,1,0,1,0,0,1,1,1,1,1,1,1,1,http://twoinchbrush.com/images/painting304.png,https://youtu.be/txAtX-VyVNc
23,11,Frozen Beauty in Vignette,0,0,0,1,0,0,1,0,0,0,0,1,1,1,1,0,1,1,1,http://twoinchbrush.com/images/painting305.png,https://youtu.be/H15kV1wbDG4
23,12,Crimson Tide ,0,1,0,0,0,1,1,0,0,0,0,1,1,0,0,0,1,1,1,http://twoinchbrush.com/images/painting306.png,https://youtu.be/Y7SDU4i6Fco
23,13,Winter Bliss ,0,1,0,0,0,0,1,0,0,0,0,1,1,0,1,0,1,1,0,http://twoinchbrush.com/images/painting307.png,https://youtu.be/yInYwy6AsDQ
24,1,Gray Mountain,0,1,0,1,0,1,1,0,1,0,0,1,1,1,1,1,1,1,1,http://twoinchbrush.com/images/painting308.png,https://youtu.be/4XxClvPZ1RE
24,2,Wayside Pond ,0,1,1,1,0,0,1,0,0,0,0,1,1,0,1,1,1,1,1,http://twoinchbrush.com/images/painting309.png,https://youtu.be/FPW2FwK4IOo
24,3,Teton Winter,0,1,0,0,0,0,0,0,0,0,0,1,1,0,1,1,1,0,0,http://twoinchbrush.com/images/painting310.png,https://youtu.be/I4h6TC4CPJY
24,4,Little Home in the Meadow,0,1,1,1,0,1,0,0,1,0,1,1,1,0,1,1,1,0,1,http://twoinchbrush.com/images/painting311.png,https://youtu.be/nU1zV93N-kI
24,5,A Pretty Autumn Day,0,1,1,1,0,1,0,0,1,0,1,1,1,1,1,1,1,0,1,http://twoinchbrush.com/images/painting312.png,https://youtu.be/HWedDS3p7XI
24,6,Mirrored Images,0,1,0,1,0,1,1,0,1,0,0,1,1,0,1,1,1,1,1,http://twoinchbrush.com/images/painting313.png,https://youtu.be/i29frkR1T98
24,7,Back-Country Path,0,1,1,1,0,1,0,0,1,0,0,1,1,0,1,1,1,0,1,http://twoinchbrush.com/images/painting314.png,https://youtu.be/2iNMoQB1Pe8
24,8,Graceful Waterfall,0,1,1,1,0,1,1,0,1,0,1,1,1,1,1,1,1,1,1,http://twoinchbrush.com/images/painting315.png,https://youtu.be/fBh1nA4pMDY
24,9,Icy Lake,0,1,0,1,0,1,1,0,1,0,0,1,0,0,1,1,1,1,1,http://twoinchbrush.com/images/painting316.png,https://youtu.be/AmBDmgta3l4
24,10,Rowboat on the Beach,0,1,0,0,0,1,0,0,0,0,0,1,1,1,0,1,1,0,1,http://twoinchbrush.com/images/painting317.png,https://youtu.be/hfvhXOvg43w
24,11,Portrait of Winter,0,1,0,0,0,0,0,0,0,0,0,1,1,0,1,0,1,0,0,http://twoinchbrush.com/images/painting318.png,https://youtu.be/JLnIUGOupOA
24,12,The Footbridge,0,1,0,1,0,1,1,0,1,0,0,1,1,1,1,1,1,1,1,http://twoinchbrush.com/images/painting319.png,https://youtu.be/RqtDliGeyTg
24,13,Snowbound Cabin,0,1,1,0,0,0,0,0,0,0,1,1,1,0,1,1,1,0,0,http://twoinchbrush.com/images/painting320.png,https://youtu.be/obSLZWXmDak
25,1,Hide A Way Cove,0,1,0,1,0,1,1,0,1,0,0,1,1,1,1,1,1,1,1,http://twoinchbrush.com/images/painting321.png,https://youtu.be/l_HqMYquc08
25,2,Enchanted Falls Oval,0,1,1,0,0,0,0,0,1,0,0,0,0,0,0,1,1,0,1,http://twoinchbrush.com/images/painting322.png,https://youtu.be/HklPkQ0lSKA
25,3,Not Quite Spring,0,1,1,0,0,1,1,0,0,0,0,1,0,0,1,0,1,1,1,http://twoinchbrush.com/images/painting323.png,https://youtu.be/N_u6x7LeyTM
25,4,Splashes of Autumn,0,1,1,1,0,1,1,0,1,0,1,1,1,0,1,1,1,1,1,http://twoinchbrush.com/images/painting324.png,https://youtu.be/YcbaMqq_X8s
25,5,Summer in the Mountain,0,1,0,1,0,1,1,0,1,0,0,1,0,0,1,1,1,1,1,http://twoinchbrush.com/images/painting325.png,https://youtu.be/gmCXgS38NDc
25,6,Oriental Falls,0,1,0,1,0,1,1,0,1,0,0,1,0,0,1,1,1,1,1,http://twoinchbrush.com/images/painting326.png,https://youtu.be/v8Znj8bbmCQ
25,7,Autumn Palette,0,1,1,1,0,1,1,0,1,0,1,1,1,0,0,1,1,1,1,http://twoinchbrush.com/images/painting327.png,https://youtu.be/HWrvW-NgaOY
25,8,Cypress Swamp,0,1,0,1,0,1,1,0,1,0,0,1,1,0,1,1,1,1,1,http://twoinchbrush.com/images/painting328.png,https://youtu.be/FdIUHudQABI
25,9,Downstream View,0,1,1,1,0,1,1,0,1,0,0,1,1,1,1,1,1,1,1,http://twoinchbrush.com/images/painting329.png,https://youtu.be/KsDPg5HZYNw
25,10,Just Before the Storm,0,1,0,0,0,1,1,0,0,0,0,1,0,0,1,1,1,1,0,http://twoinchbrush.com/images/painting330.png,https://youtu.be/Rh-jKrMrmOA
25,11,Fisherman's Paradise,0,1,1,1,0,1,1,0,1,0,0,1,0,0,1,1,1,1,1,http://twoinchbrush.com/images/painting331.png,https://youtu.be/uJLK85uU5mA
25,12,Desert Hues,0,1,0,1,0,1,1,0,1,0,0,1,0,0,1,1,1,1,1,http://twoinchbrush.com/images/painting332.png,https://youtu.be/UUNNXGVNTuI
25,13,The Property Line,0,1,0,1,0,1,1,0,1,0,0,1,0,0,1,1,1,1,1,http://twoinchbrush.com/images/painting333.png,https://youtu.be/ivesI3rU7dU
26,1,In the Stillness of Morning,0,1,0,0,0,1,1,0,1,0,0,1,0,0,1,1,1,1,1,http://twoinchbrush.com/images/painting334.png,https://youtu.be/5rfGa1_iJpw
26,2,Delightful Meadow Home,0,1,0,1,0,1,0,0,1,0,0,1,0,0,1,1,1,0,1,http://twoinchbrush.com/images/painting335.png,https://youtu.be/tWoInh2USOs
26,3,First Snow,0,1,0,1,0,1,1,0,1,0,0,1,1,0,1,1,1,1,1,http://twoinchbrush.com/images/painting336.png,https://youtu.be/raAkJKeo0Sk
26,4,Lake in the Valley,0,1,1,1,0,1,1,0,1,0,1,1,1,1,1,1,1,1,1,http://twoinchbrush.com/images/painting337.png,https://youtu.be/KvJmSrErm20
26,5,A Trace of Spring,0,1,0,1,0,1,1,0,1,0,0,1,1,1,1,1,1,1,1,http://twoinchbrush.com/images/painting338.png,https://youtu.be/JMPwj3u4ZTA
26,6,An Arctic Winter Day,0,1,0,0,0,0,1,0,0,0,0,1,0,0,1,0,1,1,0,http://twoinchbrush.com/images/painting339.png,https://youtu.be/9BHWlbjd95c
26,7,Snow Birch,0,0,1,0,0,0,0,0,1,0,0,0,1,0,1,0,1,0,0,http://twoinchbrush.com/images/painting340.png,https://youtu.be/wKeemvioVrM
26,8,Early Autumn,0,1,0,1,0,1,1,0,1,0,0,1,1,0,1,1,1,1,1,http://twoinchbrush.com/images/painting341.png,https://youtu.be/SLQXlFLoqQc
26,9,Tranquil Wooded Stream,0,1,1,1,0,1,1,0,1,0,0,1,1,0,0,1,1,1,1,http://twoinchbrush.com/images/painting342.png,https://youtu.be/lSeRrm5ZK9c
26,10,Purple Mountain Range,0,1,0,1,0,1,1,0,1,0,0,1,1,1,1,1,1,1,1,http://twoinchbrush.com/images/painting343.png,https://youtu.be/nkDA_R-XmqA
26,11,Storm's A Comin,0,1,1,1,0,1,1,0,0,0,0,1,1,1,0,0,1,1,0,http://twoinchbrush.com/images/painting344.png,https://youtu.be/EHD9u-lo2wc
26,12,Sunset Aglow,0,1,0,1,0,1,1,0,1,0,0,1,1,0,1,1,1,1,1,http://twoinchbrush.com/images/painting345.png,https://youtu.be/gMEZp47VKC0
26,13,Evening at the Falls,0,0,1,0,0,1,0,0,0,0,1,1,0,0,1,1,1,0,0,http://twoinchbrush.com/images/painting346.png,https://youtu.be/RulXVcpgpqw
27,1,Twilight Beauty,0,1,1,1,0,1,1,0,1,0,1,1,1,0,0,0,1,1,0,http://twoinchbrush.com/images/painting347.png,https://youtu.be/0mJqzzeWyXs
27,2,Angler's Haven,0,1,0,1,0,1,1,0,1,1,1,1,1,1,1,1,1,1,1,http://twoinchbrush.com/images/painting348.png,https://youtu.be/XlwfcXZ0AIU
27,3,Rustic Winter Woods,0,1,0,0,0,1,0,0,1,0,0,1,0,0,0,1,1,0,0,http://twoinchbrush.com/images/painting349.png,https://youtu.be/3q8Zi9480lw
27,3,Wilderness Falls,0,1,0,1,0,1,1,0,1,1,1,1,1,1,1,1,1,1,1,http://twoinchbrush.com/images/painting350.png,https://youtu.be/gxd0MPX8c6I
27,5,Winter at the Farm,0,1,0,0,0,0,1,0,0,0,1,1,0,0,1,0,1,1,0,http://twoinchbrush.com/images/painting351.png,https://youtu.be/LeIVNKnWz7o
27,6,Daisies at Dawn,0,1,0,1,0,1,0,0,1,0,0,1,0,0,0,1,1,0,1,http://twoinchbrush.com/images/painting352.png,https://youtu.be/_kkZcIgocBM
27,7,A Spectacular View,0,1,0,1,0,1,1,0,1,0,0,1,0,0,1,1,1,1,1,http://twoinchbrush.com/images/painting353.png,https://youtu.be/7R9HcaDT9P4
27,8,Daybreak ,0,1,0,0,0,1,1,0,0,0,0,1,0,0,1,0,1,1,0,http://twoinchbrush.com/images/painting354.png,https://youtu.be/crWDcTvDmec
27,9,Island Paradise,0,1,0,1,0,1,1,0,1,0,1,1,1,1,0,0,1,1,1,http://twoinchbrush.com/images/painting355.png,https://youtu.be/Cg3XAVhAas0
27,10,Sunlight in the Shadows,0,1,1,0,0,0,0,0,0,0,1,1,0,0,0,0,1,1,1,http://twoinchbrush.com/images/painting356.png,https://youtu.be/xgjQ0v2d9mE
27,11,Splendor of a Snowy Winter,0,1,0,0,0,0,1,0,0,1,1,1,1,0,1,0,1,1,0,http://twoinchbrush.com/images/painting357.png,https://youtu.be/JdXCoxkOdwQ
27,12,Forest River,0,1,1,1,0,1,1,0,1,0,1,1,1,0,1,1,1,1,1,http://twoinchbrush.com/images/painting358.png,https://youtu.be/wrbGlR22K0Q
27,13,Golden Glow of Morning,0,1,0,1,0,1,0,0,1,0,0,1,1,0,0,1,1,0,1,http://twoinchbrush.com/images/painting359.png,https://youtu.be/qXElmiqzcI0
28,1,Fisherman's Trail,0,1,0,1,0,1,1,0,1,0,0,1,1,0,1,1,1,1,1,http://twoinchbrush.com/images/painting360.png,https://youtu.be/VnZEpic2UzU
28,2,A Warm Winter ,0,1,0,1,0,1,0,0,0,0,0,1,1,0,1,1,1,0,1,http://twoinchbrush.com/images/painting361.png,https://youtu.be/_TTdw3YnXuo
28,3,Under Pastel Skies,0,1,0,1,0,1,1,0,1,0,0,1,1,0,1,1,1,1,1,http://twoinchbrush.com/images/painting362.png,https://youtu.be/lzODyJS2ZIg
28,4,Golden Rays of Sunshine,0,1,1,0,0,0,0,0,1,0,1,0,1,0,1,1,1,0,0,http://twoinchbrush.com/images/painting363.png,https://youtu.be/zxj3xLDNxo0
28,5,The Magic of Fall,0,1,0,1,0,1,0,0,1,0,1,1,1,0,0,1,1,0,1,http://twoinchbrush.com/images/painting364.png,https://youtu.be/bSm3fmEyJ20
28,6,Glacier Lake,0,1,0,1,0,1,1,0,1,0,0,1,1,0,1,1,1,1,1,http://twoinchbrush.com/images/painting365.png,https://youtu.be/TohG7F8M3Ls
28,7,The Old Weathered Barn,0,1,0,1,0,1,0,0,1,0,0,1,1,0,0,1,1,0,1,http://twoinchbrush.com/images/painting366.png,https://youtu.be/NYUIIBFj0iQ
28,8,Deep Forest Falls,0,1,1,1,0,1,1,0,1,0,0,1,1,0,1,1,1,1,1,http://twoinchbrush.com/images/painting367.png,https://youtu.be/urHQRbRNuYI
28,9,Winter's Grace,0,0,0,0,0,0,0,0,0,0,0,1,1,0,1,0,1,0,0,http://twoinchbrush.com/images/painting368.png,https://youtu.be/mxJ2On9wyvY
28,10,Splendor of Autumn,0,1,0,1,0,1,1,0,1,0,0,1,1,0,0,1,1,1,1,http://twoinchbrush.com/images/painting369.png,https://youtu.be/hEyR2FDp-00
28,11,Tranquil Seas ,0,1,1,1,0,1,0,0,1,0,0,1,1,1,0,1,1,0,1,http://twoinchbrush.com/images/painting370.png,https://youtu.be/kN1DP_yqs-A
28,12,Mountain Serenity,0,1,0,1,0,1,1,0,1,0,0,1,1,1,1,1,1,1,1,http://twoinchbrush.com/images/painting371.png,https://youtu.be/wc_YVijYjT4
28,13,Home Before Nightfall,0,1,0,1,0,1,0,0,0,0,0,1,1,0,0,1,1,0,1,http://twoinchbrush.com/images/painting372.png,https://youtu.be/22SiIDvyJeM
29,1,Island in the Wilderness,0,1,0,1,0,1,1,0,1,0,0,1,1,1,1,1,1,1,1,http://twoinchbrush.com/images/painting373.png,https://youtu.be/lLWEXRAnQd0
29,2,Autumn Oval,0,1,0,1,0,1,1,0,1,0,0,1,0,0,0,1,1,1,1,http://twoinchbrush.com/images/painting374.png,https://youtu.be/2XnIdinwot0
29,3,Seasonal Progression,0,1,0,1,0,1,1,0,1,0,0,1,1,1,1,1,1,1,1,http://twoinchbrush.com/images/painting375.png,https://youtu.be/T2G5waMfQ-g
29,4,Light at the Summit,0,1,1,1,0,1,1,0,1,0,1,1,1,0,1,1,1,1,1,http://twoinchbrush.com/images/painting376.png,https://youtu.be/HOdS-G8p1KE
29,5,Countryside Barn,0,1,0,1,0,1,1,0,1,0,0,1,1,0,1,1,1,1,1,http://twoinchbrush.com/images/painting377.png,https://youtu.be/G7Etn7QMeO4
29,6,Mountain Lake Falls,0,1,0,0,0,1,0,0,0,0,0,1,1,1,1,1,1,1,0,http://twoinchbrush.com/images/painting378.png,https://youtu.be/dNEp3hoHSDI
29,7,Cypress Creek,0,1,1,1,0,1,1,0,1,0,0,1,0,0,0,1,1,1,1,http://twoinchbrush.com/images/painting379.png,https://youtu.be/Tnb2cXKKuWM
29,8,Trapper's Cabin,0,1,0,1,0,1,1,0,1,0,0,1,1,0,1,1,1,1,1,http://twoinchbrush.com/images/painting380.png,https://youtu.be/chhCkmp0RG8
29,9,Storm on the Horizon,0,1,0,1,0,0,1,0,0,0,0,1,1,0,0,1,1,1,1,http://twoinchbrush.com/images/painting381.png,https://youtu.be/pA_2paUhBAQ
29,10, Pot O' Posies,0,1,1,1,0,0,0,0,0,0,0,1,0,0,1,1,0,0,0,http://twoinchbrush.com/images/painting382.png,https://youtu.be/2zv_S_uVoVQ
29,11,A Perfect Winter Day,0,1,0,0,0,0,1,0,0,0,0,1,1,0,1,0,1,1,0,http://twoinchbrush.com/images/painting383.png,https://youtu.be/Io4fwhacpEs
29,12,Aurora's Dance ,0,1,0,0,0,0,1,0,0,0,1,1,1,1,1,0,1,1,0,http://twoinchbrush.com/images/painting384.png,https://youtu.be/iRMsb9Vf7GM
29,13,Woodman's Retreat,0,1,0,1,0,1,1,0,1,0,0,1,1,0,1,1,1,1,1,http://twoinchbrush.com/images/painting385.png,https://youtu.be/ODrV0dfQcNs
30,1,Babbling Brook,0,1,1,1,0,1,1,0,1,0,0,1,1,0,0,1,1,1,1,http://twoinchbrush.com/images/painting386.png,https://youtu.be/ZHUdS0wEaKk
30,2,Woodgrain View,0,1,1,1,0,1,1,0,1,0,1,1,0,0,1,1,1,1,1,http://twoinchbrush.com/images/painting387.png,https://youtu.be/fcx1yUuSf3o
30,3,Winter's Peace,0,1,0,1,0,0,1,0,1,0,0,1,1,0,1,0,1,1,1,http://twoinchbrush.com/images/painting388.png,https://youtu.be/Xzv3iiWi1Wo
30,4,Wilderness Trail,0,1,1,1,0,1,1,0,1,0,1,1,0,0,1,1,1,1,1,http://twoinchbrush.com/images/painting389.png,https://youtu.be/vGsW_6BCukU
30,5,A Copper Winter,0,1,0,1,0,1,1,0,1,0,1,1,1,0,1,1,1,1,1,http://twoinchbrush.com/images/painting390.png,https://youtu.be/BSjee-ond7w
30,6,Misty Foothills,0,1,0,0,0,1,1,0,1,0,0,1,0,0,1,1,1,1,1,http://twoinchbrush.com/images/painting391.png,https://youtu.be/LEz4UVL7POE
30,7,Through the Window,0,1,0,0,0,0,1,0,0,0,0,1,1,0,1,0,1,1,0,http://twoinchbrush.com/images/painting392.png,https://youtu.be/SrN4A9rVXj0
30,8,Home in the Valley,0,1,0,1,0,1,1,0,1,0,0,1,1,1,1,1,1,1,1,http://twoinchbrush.com/images/painting393.png,https://youtu.be/enutOy-nsZk
30,9,Mountains of Grace,0,1,0,1,0,1,1,0,0,0,0,1,1,0,1,1,1,1,1,http://twoinchbrush.com/images/painting394.png,https://youtu.be/nXlu_Q0sR7c
30,10,Seaside Harmony,0,1,1,0,0,1,1,0,1,0,1,1,1,0,1,1,1,1,0,http://twoinchbrush.com/images/painting395.png,https://youtu.be/CY6sGFs209E
30,11,A Cold Spring Day,0,1,0,1,0,1,1,0,1,0,0,1,1,1,1,1,1,1,1,http://twoinchbrush.com/images/painting396.png,https://youtu.be/jq8bIbpW7DQ
30,12,Evening's Glow,0,1,0,1,0,1,1,0,1,0,0,1,0,0,0,1,1,1,1,http://twoinchbrush.com/images/painting397.png,https://youtu.be/eTEKGOi6SVg
30,13,Blue Ridge Falls,0,1,1,0,0,1,1,0,1,0,0,1,1,0,1,1,1,1,1,http://twoinchbrush.com/images/painting398.png,https://youtu.be/fz0YjqtHW84
31,1,Reflections of Calm,0,1,0,1,0,1,1,0,1,0,0,1,1,0,1,1,1,1,1,http://twoinchbrush.com/images/painting399.png,https://youtu.be/kJFB6rH3z2A
31,2,Before the Snowfall ,0,1,0,0,0,0,1,0,0,0,0,1,1,0,1,0,1,1,0,http://twoinchbrush.com/images/painting400.png,https://youtu.be/_MdMhQIOL1Y
31,3,Winding Stream,0,1,0,1,0,1,1,0,1,1,0,1,1,0,1,1,1,1,1,http://twoinchbrush.com/images/painting401.png,https://youtu.be/QDwd4pMYyuo
31,4,Tranquility Cove ,0,1,0,1,0,1,1,0,1,0,0,1,1,0,0,1,1,1,1,http://twoinchbrush.com/images/painting402.png,https://youtu.be/7t6ue0pEcNE
31,5,Cabin in the Hollow,0,1,0,0,0,0,1,0,0,0,0,1,1,0,1,0,1,1,0,http://twoinchbrush.com/images/painting403.png,https://youtu.be/KYlM2zJnNWY
31,6,View from Clear Creek,0,1,0,1,0,1,1,0,1,0,0,1,1,1,1,1,1,1,1,http://twoinchbrush.com/images/painting404.png,https://youtu.be/TLX1bmS8wBE
31,7,Bridge to Autumn,0,1,0,1,0,1,1,0,1,0,0,1,0,0,1,1,1,1,1,http://twoinchbrush.com/images/painting405.png,https://youtu.be/ReENCTH7MYI
31,8,Trail's End,0,1,1,0,0,0,1,0,0,0,1,1,1,0,0,1,1,1,1,http://twoinchbrush.com/images/painting406.png,https://youtu.be/XWQrP-WiLgc
31,9,Evergreen Valley,0,1,0,1,0,1,1,0,1,1,0,1,1,1,1,1,1,1,1,http://twoinchbrush.com/images/painting407.png,https://youtu.be/mEU0stNfkxI
31,10,Balmy Beach,0,1,1,1,0,1,1,0,1,0,1,1,1,1,0,0,1,1,1,http://twoinchbrush.com/images/painting408.png,https://youtu.be/kMgd6r6c4vE
31,11,Lake at the Ridge,0,1,0,1,0,1,1,0,1,0,0,1,1,0,1,1,1,1,1,http://twoinchbrush.com/images/painting409.png,https://youtu.be/8QWvzEQ69Kw
31,12,In the Midst of Winter,0,1,0,0,0,0,1,0,0,0,0,1,1,0,1,0,1,1,0,http://twoinchbrush.com/images/painting410.png,https://youtu.be/qx2IsmrCs3c
31,13,Wilderness Day,0,1,1,1,0,1,1,0,1,0,0,1,1,0,0,1,1,1,1,http://twoinchbrush.com/images/painting411.png,https://youtu.be/nJGCVFn57U8
